"Mielestäni vakiintuneita käsitteitä ei pidä sekoittaa eikä muuttaa, sillä avioliitto tarkoittaa jo sanakirjankin mukaan miehen ja naisen, tarkistakaa, miehen ja naisen välistä liittoa.",hirvisaari,Argumentum ad traditionem (perinteisiin vetoaminen),James Hirvisaari (m11)
"Jos laajennamme avioliiton käsitettä nyt, mitä meiltä huomenna vaaditaan? Onko moniavioisuus seuraava vaatimus? Vai kenties lähisukulaisten avioliitot? Meillä on tulossa aina uusia näkemyksiä ja vaatimuksia.",makipaa,Kaltevan pinnan argumentti,Lea Mäkipää (ps)
"Täällä on useassa puheenvuorossa kovasti väitetty, että mikäli avioliittolaki muuttuisi, se ei olisi keneltäkään pois. Mutta miten kävi Ruotsissa vuonna 2009, kun avioliittolaki muuttui? Siellä hallitus ryhtyi ensi töikseen uusimaan päiväkotien opetussisältöjä tavoitteena edistää lasten identiteettikäsityksen muuttumista, muun muassa satujen muodossa.",niikko,Post hoc ergo propter hoc,Mika Niikko (ps)
"Luomakunta ja Luojamme opettavat meille, että alussa Jumala loi ihmisen omaksi kuvakseen, mieheksi ja naiseksi hän loi heidät. Kahdesta persoonasta huolimatta tässä on tuntua yhdestä ja yhteen liittyneestä. Toivon ja uskon, että rakkautemme lainsäädännöllinen muoto saa säilyä tällä perustalla edelleenkin.",jaaskelainen,Argumentum ad auctoritatem (auktoriteettiin vetoaminen),Jouko Jääskeläinen (kd)
"Tällä hetkellä voimassa oleva avioliiton määritelmä nojaa siihen biologiseen tosiasiaan, että suvun jatkamiseen tarvitaan yksi mies ja yksi nainen. Jokaisella ihmisellä on biologinen isä ja äiti. Avioliitolla on näin ollen erittäin hyvin rajattu ja vahvaan reaalimaailman tosiasiaan tukeutuva perusta. ",ahvenjarvi,Humen giljotiini,Sauli Ahvenjärvi (kd)
